1	Tryon
3	Bethel
4	Altoona
5	Bethel
6	Newburyport
7	Scituate
8	Black Mountain
10	Orange
12	New Haven
18	Minneapolis
22	North Harvey
23	Woodstock
24	Gloucester
26	Philadelphia
28	Springfield
29	Monson
30	New York
31	Southampton
32	Showhegan
34	Austin
35	Chicago
36	Wayland
38	East Meadow
42	Charlevoix
43	Washington
45	Honolulu
47	Carmel
48	San Francisco
49	Monterey
50	Webster City
51	Albuquerque
52	Glendale
53	Concord
54	Taos
55	Topeka
60	Orange
61	Hazard
62	Woodbury
65	Sparta
67	Quincy
69	Allegheny
70	Berkeley
71	North Attleboro
72	North Haven
74	Louisiana
75	Larchmont
76	Summit
77	Iowa City
78	Muscatine
79	Truro
83	Brookline
84	New York
86	State College
87	Los Angeles
91	Richmond
93	Kodiak
94	Brewster
95	Clermont
97	Boca Raton
98	Tamaroa
99	Canarsie
100	Framingham
101	Albany
103	Atlanta
104	Jersey City
105	Elgin
106	Midvale
107	Salt Lake City
108	Edmonds
109	Palo Alto
110	Mill Valley
111	Oxford
112	Westport
114	San Jose
117	New Orleans
118	Ocean Springs
119	New York
120	Madison
121	Steubenville
122	Hingham
123	Boston
125	Dobbs Ferry
126	Plymouth
127	Rockport
129	Chatham
133	Waterford
134	Newport
135	Fort Washington
136	Fort Monmouth
138	Lake Valley
139	Indianapolis
140	Englewood
141	Erie
142	Altadena
143	Tucson
145	Woodstock
150	Annandale
152	Santa Cruz
153	Tesuque
154	Flagstaff
155	Detroit
156	Jamestown
158	Fairfield
159	Mount Laurel
160	Henderson
162	Benicia
163	Denver
165	Germania
166	McGregor
167	Croton Falls
168	Annandale
169	Jacksonville
171	Sudbury
173	Rego Park
175	Carnegie
176	Norman
178	Delaplane
180	Chevy Chase
181	Arlington
182	Brainerd
184	Pennsauken
186	Bartonsville
188	Medicine Park
193	Ossining
194	Hillside
195	Cleveland
196	Missoula
197	Butte
199	Hudson
200	Lowell
201	Sand Bank
202	Pittsburgh
205	Santa Fe
206	San Ildefonso Pueblo
208	Bethesda
211	Charleston
212	Flint
214	Wellsboro
215	Bronxville
216	Castroville
217	Alliance
220	Salem
221	Haverhill
223	Ridgefield
224	Kennebunk
225	Omaha
226	Finleyville
227	Cincinnati
228	Santa Barbara
232	Milwaukee
233	Hutchinson
234	Council Bluffs
236	Carmel
237	Essex
238	Evansville
239	Woods Hole
240	Hyannis
241	Manchester
242	Westlake
243	Alton
244	Athens
247	Charlestown
248	Montclair
249	Portland
250	Roanoke
251	Upper Montclair
252	Newburgh
253	Pacific Palisades
254	Santa Monica
255	Sausalito
256	Newport Beach
257	Wapiti
258	Princeton
260	Providence
261	Cortland
262	Luray
265	White Plains
266	Bisbee
267	Ca–on
269	Moylan
273	Bellefonte
274	Charleston
275	Coventry
276	Cedarville
277	Bloomington
278	Beverly
279	Princeton
280	Watch Hill
283	Poughkeepsie
284	Buffalo
285	Lambertville
287	Washington
289	Katonah
291	Long Beach
292	Oxford
293	Claremont
294	Kansas City
295	Raleigh
297	Leeds
298	New Brunswick
299	Craryville
300	Nashville
302	Escanaba
306	Oakville
307	Portland
308	Augusta
309	Aspen
312	Montecito
313	Oneonta
315	Brookfield Center
316	Geneseo
317	Painesville
319	Charlotte
320	Oakland
321	Clifton Springs
322	Stamford
323	Millbrook
324	Dayton
325	Grand Rapids
326	Scituate
327	St. Charles
328	La Jolla
329	Hannibal
332	North Olmstead
333	Salem
334	Corinth
337	Ward
338	Weathersfield
339	Newton Falls
340	Cashiers
341	Tiffin
342	Columbus
344	Closter
346	Norfolk
349	Westwood
350	Lake Charles
352	Evanston
353	Chillicothe
354	Marion
355	New York
356	Salem
358	Newport
359	Paterson
360	Neosho
361	Oak Park
363	Frackville
364	Smithtown
366	East Nassau
368	Provincetown
369	Phoenix
370	Oakton
374	St. Louis
377	East Gloucester
378	Burnsville
379	Newark
380	Clinton
381	Point Pleasant
382	Versailles
383	Bloomfield Hills
385	Barto
391	Turner
392	Malden
393	Old Lyme
394	Essex
395	Winchester
398	Croton-on-Hudson
399	Youngstown
402	Irvington
405	DeLand
406	Miami
407	Gastonia
408	Elliston
409	Santa Cruz
413	Bristol
416	Leonia
417	Smithsburg
418	Rochester
419	Syracuse
420	New Preston
421	Mount Vernon
423	Cambridge
424	Viola
425	New Hartford
427	McAllister
428	Elizabethtown
429	Mantorville
430	Kingston
431	Hawley
434	Lawrence
436	Stowe
437	Baltimore
438	Nashua
440	DeWitt
441	Columbia
443	New Milford
444	Middletown
448	East Liverpool
449	St. Paul
450	New Ulm
451	Leechburg
453	Kittanning
454	Glen Echo
455	Ava
456	Pasadena
458	Scottsdale
459	Columbus
460	Madison
462	Meyersdale
463	Pottsville
464	Ann Arbor
465	Napoleon
466	Mikado
469	Shelbyville
471	San Leandro
473	Bear Lake
474	Ogden
475	Nyack
480	Santa Paula
482	Pittsfield
484	Gonzales
485	Doylestown
486	Camden
487	Norwalk
488	Defiance
490	Noank
491	New London
492	Appleton
493	Fairhaven
494	Eureka
495	Short Hills
496	Trenton
498	Corona Del Mar
499	San Diego
500	Water Mill
501	Greensboro
502	Greenville
503	Spokane
504	Seattle
506	Newton
507	Scarsdale
508	Beverly Hills
513	High Forest
514	Portsmouth
515	New Dorp
516	Potosi
517	Canaan
518	Tuskegee
520	Hillsdale
521	Kearney
522	Alameda
524	West Haven
525	Independence
526	Sag Harbor
527	Warrenton
528	East Hampton
529	Brookhaven
531	Maryville
532	New Boston
534	Aliceville
535	Tuscaloosa
536	Salmon
537	Marion
538	Dresden
539	Zena
540	Taylor
541	Coldwater
542	Leyden
543	Fitzgerald
544	Little Rock
546	Lancaster
547	Portland
548	New Buffalo
549	Carpenteria
550	Hamilton
551	Decatur
552	Wilmington
553	Tompkinsville
554	Rye
555	Yonkers
556	Laurel
557	Dover Plains
558	Hollywood
560	Dublin
561	Shelbyville
562	Hanover
563	Peapack
567	Memphis
568	Bozeman
569	Ames
570	Maui
571	Corning
573	Laguna Niguel
574	Lexington
575	Clarendon
577	Lander
578	Hartford
580	Harvard
581	Salem
582	Gardenville
583	Ashtabula Harbor
584	West Seneca
586	Montpelier
587	Derby
588	Racine
589	Cresco
590	Oneida
593	Pendleton
594	Monroe Falls
595	Lafayette
596	Hyde Park
598	Greensboro
599	Cambridge
600	Ogdensburg
601	Ambler
602	Millerton
603	Sagaponack
604	Covington
606	Normal
607	Fort Dodge
608	Slingerlands
610	Duluth
611	Paris
612	Estes Park
613	Pittsfield
614	Weston
615	Franklin
616	New Iberia
618	Roxbury
620	Lawnton
621	Lawton
622	Wichita
626	Six Mile Run
627	West Medford
629	Louisville
633	Jacksonville
634	Worcester
640	Utica
641	Chestnut Hill
644	Falls Village
647	Dorchester
651	Brooklyn
655	Waverly
656	Brownstown
657	Petersburg
660	Tulsa
661	Bellaire
662	Abington
663	Wilkes-Barre
664	Portsmouth
665	North Syracuse
666	Watertown
668	Allegheny City
673	Brillion
674	Scottsville
675	Emporia
682	Pleasantville
685	Titusville
687	Texico
688	Clovis
689	Wilcox
692	Kalamazoo
693	Asheville
694	Wilmington
697	West Hoboken
698	Des Moines
699	Cainesville
700	Sarasota
701	Rochester
702	Fennville
703	Orange
704	Cresco
705	Marblehead
706	Huntington Park
709	Morristown
710	Altmar
711	Middle Island
712	East Orange
715	Clearwater
716	Shinnecock
717	Williamsburg
719	Wagonmound
720	Cochiti Pueblo
721	Springfield
724	South Manchester
725	Kittery
726	Tacoma
729	Mount Kisco
730	Acoma Pueblo
732	Cozad
733	Edinburg
734	Appleton
736	Knoxville
737	Middletown
738	Rochester
746	Cabin John
748	Ashfield
749	Marion
750	Rockingham
751	Charlottesville
752	Gloucester
754	New Rochelle
755	Bend
757	Malta
758	Auburn
759	Keyser
760	Superior
761	Athens
762	Monroe
763	Newton
764	Thetford
765	Provincetown
766	Perkasie
767	Madison
768	Killingworth
769	Cleveland Heights
770	Harrisburg
771	Mechanicsville
772	Fort Smith
773	Westport
774	Pima
775	Searchlight
776	Jay
777	Eugene
780	Catskill
781	Long Beach
782	Hollandale
783	Bronson
784	Waterville
785	Port Huron
786	Troy
787	Chelsea
788	Anchorage
789	Manson
793	Grand Coteau
794	McPherson
795	Richmond
800	Ventura
801	Falls Church
802	Hillsboro
805	San Bernardino
806	Brunswick
807	Springfield
808	Waukegan
809	Prescott
810	Arlington
811	Mount Holly
812	Upper Falls
813	Orangeburg
815	Newtown
816	Greenwich
817	Roslyn Estates
818	Amherst
819	Easton
820	Bay City
821	Saginaw
823	Hendersonville
824	Windsor
825	Warren
826	Windham
827	Culver City
828	Venice
830	Pratt
831	Springfield
833	Houston
834	Portsmouth
836	Nutley
837	Plainfield
838	Glens Falls
839	Rossville
840	Hastings-on-Hudson
841	Flemingville
842	Checotah
843	Lexington
844	Cimarron
845	Winston-Salem
846	Chicago Heights
848	Annapolis
849	West Suffield
850	Silver Lake
851	Hackensack
852	Old Town
853	Skowhegan
854	Cripple Creek
855	Edgecomb
856	St. Augustine
857	Fruitvale
858	Cragsmoor
859	Hartford
860	Berryville
861	Waverly
862	Roxbury
863	Dunavant
864	Whitewater
865	Laguna Beach
866	Jackson
867	Fishers Island
868	Londonderry
870	Tampa
872	Blowing Rock
873	Harper's Ferry
875	Springville
876	Arlington Heights
877	North Wales
879	Grandview-on-Hudson
880	Brookville
881	Shirley
882	Chapel Hill
884	Kenoza Lake
885	Ashland
886	Claymont
887	Dublin
891	Novato
892	Danville
894	Piermont
895	Amesbury
896	Mystic
897	Milton
898	Oracle
899	Jerome
900	Maricopa
901	Ludington
902	Huntsville
903	Alexandria
904	Augusta
906	San Rafael
907	Bristol
909	Unity
911	Medford
912	Boca Grande
913	Mobile
914	Savannah
916	Georgetown
917	Gibsonia
918	Niles
919	Hoosick Falls
922	Port Costa
923	North Platte
925	Bluffton
926	Waterville
927	Bolton Landing
930	Leonardo
932	Hoboken
933	Albany
935	Ashland
943	Rhinebeck
945	Preston
946	Goshen
947	Easton
949	Fort Collins
950	Toledo
951	Lowville
952	Cornish
953	Nelson
954	Phoebus
955	Trudeau
956	Quincy
957	Eldorado
958	Milton
959	Litchfield
960	Seneca Falls
961	Orleans
963	Santa Ana
964	Wallingford
965	Wethersfield
967	Tappan
969	Stony Point
970	Little Gap
971	Weatherly
973	Niagara Falls
974	Putney
977	Fresno
980	Fairburn
981	Lansing
982	Deep Water Point
984	Morristown
985	Norwich
986	Liberty
988	Lorain
989	Ewa
990	Kalaheo
991	Lakewood
992	Delray Beach
993	Spring Valley
994	Tuxedo Park
995	Scranton
996	Valhalla
997	Church Hill
1000	Cheshire
1001	Temple City
1002	Watsonville
1005	Palm Springs
1006	Geneva
1007	Centerport
1008	Canandaigua
1009	Huntington
1010	Ipswich
1012	Horse Cave
1013	Suffolk
1014	Irvington-on-Hudson
1015	Jerry City
1016	Dallas
1017	Forney
1018	Milford
1019	Thornton
1022	Reston
1024	Malibu
1025	Reading
1026	Perth Amboy
1027	Moscow
1028	Jefferson Village
1029	Maplewood
1032	Sellersville
1033	Redondo Beach
1034	Lakeview
1035	Uniopolis
1036	Paxton
1038	Bolton
1039	Fort Worth
1040	Hardesty
1041	Loudon
1042	Bloomfield
1043	Glen Ridge
1045	Monhegan Island
1046	Blue Point
1048	Waynesboro
1049	Norwich
1050	Great Neck
1053	East Chicago
1054	Wichita Falls
1058	Mount Pleasant
1059	Wellfleet
1060	Joliet
1061	Penland
1062	Saratoga
1064	Peace Dale
1065	Arlington
1066	Fredericksburg
1071	Winnetka
1072	Lima
1073	Auburn
1074	Chico
1075	Forrest
1076	Harrison
1078	Canfield
1079	Paoli
1080	Philipsburg
1081	Cedar Falls
1082	Kewanee
1083	Chesterton
1084	Lebanon
1085	Saint Helena
1086	Long Creek
1087	Roswell
1088	Salinas
1089	Bridgewater
1090	Torrance
1091	Bellingham
1092	Loveland
1093	Johnstown
1094	Chestnut Hill
1096	Osage City
1098	Coos Bay
1099	Fort Wayne
1100	Trenton
1102	St. Petersburg
1104	Sumter
1105	Washington
1106	Lincoln
1107	Dorset
1108	Price
1109	Coral Gables
1110	LaGrange
1111	Tarrytown
1113	Bennington
1115	Oyster Bay
1116	Leavenworth
1118	Hughesville
1120	North Egremont
1121	Trinidad
1122	Pendleton
1124	Riverton
1125	Plattsburgh
1126	Sunderland
1127	Palmer
1128	Leverett
1129	Plumtrees
1133	Cedar Creek
1135	Martins Creek
1136	Summerville
1137	Pennville
1138	Valley Head
1140	Needham
1141	Dedham
1142	North Dartmouth
1143	Delphos
1144	Sunbury
1145	Valencia
1146	Castro Valley
1147	Springfield
1148	Lyme
1149	Boulder
1152	Peconic
1153	Williamstown
1155	Wetumpka
1156	Pelham Manor
1157	Fargo
1159	Cynwyd
1160	Garrison
1161	Wainscott
1162	Yorktown
1163	Newport News
1164	Birmingham
1165	Bear Creek
1166	Ashtabula
1167	Rowayton
1168	Bellefontaine
1169	Highland Park
1171	New Hope
1173	Paducah
1174	Sacramento
1175	Auburn
1176	College Park
1177	Germantown
1178	Northampton
1181	Randolph
1182	Aberdeen
1183	North Anson
1184	Westfield
1185	Caledonia
1186	Jeffersonville
1187	San Mateo
1189	Owings Mills
1191	Silver Spring
1192	Battle Ground
1193	Grand Monan
1194	New Brunswick
1196	Winona
1197	Buchanan
1198	Lexington
1199	Stonington
1200	Dearborn
1201	North Liberty
1202	Rockville
1203	Spring Hill
1206	Lenox
1207	Exeter
1208	Stockbridge
1209	Reeds Ferry
1210	Greencastle
1211	Terre Haute
1212	Truchas
1214	Clinton
1215	Aberdeen
1216	Morgan Hill
1217	Doster
1218	Lima
1219	Sharon
1221	Hamilton Township
1222	Waimea
1223	Deerfield
1224	El Paso
1225	Saugatuck
1226	Willoughby
1227	Bathgate
1228	South San Francisco
1229	Placerville
1230	Elida
1232	Stockton
1233	West Roxbury
1234	Villanova
1235	Urbana
1237	North Manchester
1238	Lumberville
1239	French Camp
1240	Jamesville
1241	Brooklyn
1242	Gambier
1243	Deadwood
1244	Imperial Beach
1245	Bridgeport
1246	Weaverville
1247	Mitchellville
1248	Vienna
1249	Yanceyville
1253	West Hingham
1254	Glenwood Landing
1255	Sagetown
1256	Franklin
1258	Bloomington
1261	Wheeling
1264	Cuthbert
1265	New Bedford
1266	Naushon Island
1267	Greenfield
1268	Zanesville
1270	Mare Island
1271	Cornucopia
1272	Auburn
1273	Chester
1274	Tahoka
1275	Roselle Park
1276	Tupelo
1277	Colorado Springs
1278	West Point
1279	Lincoln
1280	West Redding
1281	St. Joseph
1282	Roslyn
1283	Dubuque
1285	Farmington Hills
1288	Irvington
1290	Graylord
1293	Montgomery
1295	Peekskill
1298	Oklahoma City
1299	Hurleyville
1302	Thornwood
1303	Templeton
1304	Laguna Hills
1305	Jefferson Island
1306	Hamilton
1308	Sherman
1309	Hilo
1310	Pawtucket
1315	Litchfield
1316	Solebury
1317	Bellport
1318	South Granville
1319	Fox Valley
1321	Cornwall Bridge
1322	New York
1323	Elizabeth
1325	Frankfort
1326	Waterville
1327	Oconomowoc
1328	Middletown
1329	Montauk Point
1330	Valley Cottage
1331	Campbell Hall
1332	Somerville
1333	Warren
1334	Metuchen
1335	Baxter Springs
1336	Nashville
1337	DeSoto
1338	Manhasset
1339	Davidson
1344	Douglaston
1346	Hollywood
1348	Southold
1349	Amagansett
1353	Spring Green
1354	Cheyenne
1357	Bethlehem
1358	Marion
1360	Saint Paul
1361	Amenia
1362	Bowie
1363	Halsey
1364	Ogunquit
1366	Kendallville
1367	Lopez Island
1370	Elloree
1371	Gloucester
1372	Palouse
1373	Garland
1374	Osceola
1375	Brattleboro
1376	North Berwick
1377	Point Richmond
1378	Victor
1379	Jackson Hole
1380	Blossburg
1381	Ogallala
1382	Tallahassee
1383	Bucyrus
1385	Coytesville
1386	Cairo
1388	Winchester
1390	Schenectady
1392	Lewiston
1393	Ellsworth
1394	Sharon
1395	Webberville
1396	Alhambra
1397	Ogden
1398	South San Gabriel
1399	Pine Hill
1400	Stamford
1401	Phippsburg
1402	Woodstock
1403	Bath
1405	Isles of Shoals
1408	Hartford
1409	Shawnee
1410	Billings
1411	Courtland
1413	Union City
1414	Guilford
1416	Lodi
1417	Boothbay
1418	Widewater
1420	Ellensburg
1421	Oconto Falls
1422	Morristown
1424	Meadville
1427	Boiceville
1428	Belmar
1429	Lynden
1432	Rushville
1433	Penns Grove
1434	East Lansing
1435	Ellenville
1436	Malvern
1438	Beckley
1439	Zia Pueblo
1440	Pen Argyl
1441	Emeryville
1445	Salisbury
1446	Falmouth
1447	Attleborough
1448	Newtown
1449	Hastings
1450	Trenton Falls
1451	Alfred Station
1452	Riverside
1453	Haddock
1454	Eau Claire
1455	New Canaan
1456	Munising
1457	Petersburg
1458	West Nyack
1459	Del Monte
1460	Ithaca
1461	Milton
1462	Oshkosh
1465	Urbana
1467	Lanesborough
1468	North Adams
1469	Rockford
1474	Memphis
1478	Natick
1479	Gainesville
1480	Redway
1482	Rockville
1483	Cadiz
1484	Royal Oak
1487	Prout's Neck
1489	Lempster
1490	Harwinton
1491	Williamsburgh
1492	Hudson
1493	Cape Cod
1494	Watertown
1496	Prentice
1497	Sing Sing
1498	Watertown
1501	Plymouth Meeting
1503	Sapulpa
1504	West Union
1505	Ravenna
1507	Williamstown
1508	Walpole
1509	Olmsted Falls
1510	Paola
1511	Potter Valley
1512	Ukiah
1513	Cotati
1514	Kankakee
1515	Darien
1516	Elkhorn
1518	Appledore
1519	Bandera
1520	London
1522	Redding Ridge
1523	Hasbrouck Heights
1524	Grand Haven
1526	Oakland
1527	Amarillo
1528	Montevideo
1531	Elmhurst
1532	Vinalhaven
1533	New Castle
1534	Canterbury
1535	Fordham
1539	Westerly
1541	Hamden
1543	Mexia
1544	Cody
1548	Keesville
1549	Deering
1551	Concord
1552	Barre
1554	Searsmont
1555	Kensington
1556	Covington
1558	Palm Beach
1559	Torrington
1560	Kent
1561	Hondo
1562	El Paso
1563	Wheaton
1565	Walden
1566	Nantucket
1567	Lovell
1568	Watertown
1569	Sunnyvale
1570	Oregon
1571	Grand Forks
1574	Florence
1575	Central Islip
1577	Mason
1578	Clarksville
1579	Huntsville
1580	Vincennes
1581	Ilion
1582	Indianola
1583	Indian Mills
1584	Hinton
1586	Galena
1588	Chariton
1589	North River Mills
1590	Peoria
1591	Marfa
1593	Excelsior Springs
1596	West Brattleboro
1597	Waterbury
1598	Hadley
1599	Carthage
1601	Yakima
1602	Warren
1604	Stone Ridge
1606	Buckingham Valley
1607	Costa Mesa
1608	Great Falls
1610	New Ipswich
1611	Weyerhauser
1612	Mount Clemens
1613	Sun City
1615	Dover
1616	Glendora
1617	Cedar Rapids
1619	Tolland
1620	Manlius Square
1621	Idaho Falls
1623	Loveladies Harbor
1625	New Brighton
1626	Spuyten Duyvil
1627	Hot Springs
1628	Chamita
1629	Au Sable Forks
1632	Tarrytown Heights
1634	Cooperstown
1636	Geneva
1637	Hope
1638	Fairfield
1639	Sandpoint
1641	Fitzwilliam
1642	Angel Island
1643	Auburn
1645	Jacksonville
1646	Belmont
1647	Carbondale
1648	Makanda
1649	West Milton
1650	Ardsley-on-Hudson
1651	Somers
1653	Convoy
1654	Browerville
1657	Chagrin Falls
1659	Tyringham
1660	Marinette
1661	Garrett Park
1662	Waban
1663	Waltham
1664	Akron
1666	Sun Valley
1667	Tempe
1668	Bearsville
1669	Naugatuck
1671	Shawno
1673	Freeport
1675	Littleton
1677	Kokomo
1678	Teaneck
1679	South Bend
1681	Park Ridge
1682	Hutchinson
1683	Birmingham
1687	Passaic
1688	Bridgehampton
1689	Redding
1690	Redwood Falls
1691	Avoca
1693	Far Rockaway
1694	Middletown
1695	Mount Carmel
1696	Fairfax
1698	Eddyville
1700	Roosevelt
1702	Crandon
1703	Arcata
1704	Great Barrington
1705	Petersburg
1706	Durham
1708	Bayside
1709	New York
1710	York
1711	New Britain
1712	Bakersville
1713	Wyncote
1714	North Tonawanda
1716	Lodi
1718	Rosenhayn
1719	Warren
1720	Montauk
1722	Cape Neddick
1724	Spartanburg
1725	Atlantic City
1728	Stratford
1729	Maidsville
1730	Morgantown
1731	Joplin
1734	Dixiana
1737	Oswego
1738	Rutherford Park
1739	Aledo
1740	New Smyrna Beach
1741	Falling Waters
1743	Woodbury
1744	Plainfield
1750	South Amherst
1754	Basking Ridge
1755	Oberlin
1756	Greencastle
1757	Acoma
1758	Sandy Hook
1762	Poughquag
1763	Skokie
1764	Benton Harbor
1766	Danby
1767	Massillon
1768	Henniker
1769	Carlisle
1771	Barrington
1772	Glen Cove
1773	Butler
1774	Swampscott
1775	Spruce Pine
1776	Tivoli
1777	Clermont
1778	Eliot
1779	Elkins Park
1780	Ojai
1781	Deer Lodge
1782	Lake Forest
1783	Sedalia
1784	Atchison
1785	Ranchos de Taos
1787	Spring Hill
1789	Statesville
1791	Cordova
1793	Coraopolis
1794	Waco
1796	South Orange
1801	Williamsport
1802	Tipton
1803	Auburndale
1805	Wallington
1806	Bernalillo
1807	Brownsville
1808	Valley Falls
1810	Palmer
1811	Kenton
1813	Gloversville
1814	Flicksville
1818	Glencoe
1820	Fall River
1822	New Harmony
1824	Walla Walla
1825	Tomales
1827	Edwardsville
1828	McColl
1829	Aptos
1830	Pullman
1832	Lexington
1833	Huntington Station
1834	Bangor
1837	Edgartown
1838	Asbury Park
1841	Cliffside
1842	Rutherford
1843	Cape Split
1850	Muskogee
1851	Ferrum
1852	Palisade
1853	Cockeysville
1854	Piedmont
1856	Akeley
1859	Annville
1861	Markesan
1862	Klamath Falls
1866	Beloit
1871	Clifton
1872	Winfield
1874	Chilmark
1875	Cambridge
1876	Astoria
1877	Highland Park
1878	Amityville
1879	Cheswick
1880	Hazleton
1881	Bayonne
1882	Canton
1883	Abilene
1884	Livingston
1885	Rondout
1886	Padua Hills
1887	Turlock
1888	Salem
1889	Hattiesburg
1890	Vallejo
1892	Wilkesboro
1893	Sharon
1894	Dana Point
1895	Weimar
1896	East Feliciana
1897	Jericho
1898	Everett
1899	New York
1900	Oakland
1902	Stillwater
1903	Vici
1904	Chesterfield
1905	Carlsbad
1906	Colfax
1907	Fayette
1908	Carrizo Springs
1909	Orchard
1911	Cape Elizabeth
1915	Falmouth
1916	Chocorua
1917	Yankton
1919	Menomonie
1921	Franklin
1923	Coal City
1924	Menominee
1926	South Norwalk
1927	Hillsboro
1928	Mayfield
1930	Mattapoisett
1932	Francestown
1933	Lower Merion
1935	West Palm Beach
1936	Ramona
1939	Langhorne
1940	Kalopa
1942	College Point
1943	Clearfield
1945	Eupora
1946	Belzoni
1947	Allentown
1948	Monhegan
1950	Calistoga
1952	Wilmington
1953	Stuart
1954	Bern
1957	Hamilton
1958	Gaylorsville
1959	Allegan
1963	Buffalo
1964	North Tarrytown
1965	Mount Vernon
1966	Lafayette
1968	La Crosse
1969	Yorba Linda
1970	Grand Marais
1971	Pebble Beach
1972	Arnegard
1973	West Cornwall
1976	Marietta
1977	Stony Brook
1978	Setauket
1980	Ross
1981	Gallup
1982	Burlington
1984	Stonington
1985	Chickasha
1987	Old Saybrook
1988	Lyons
1989	North Hampton
1990	Kirksville
1992	Jefferson
1993	Cleves
1994	Riverdale
1995	Branchville
1997	Dracut
2001	Port Byron
2002	Bedford
2003	Willard
2005	Merion Square
2008	Valley Home
2009	Joppa
2010	York
2011	Carnegie
2013	Clarksville
2014	Chester
2017	David City
2018	Kent
2019	Grantwood
2020	Cliffside Park
2021	Glenelg
2022	Wilmette
2023	South Kent
2025	Lamesa
2026	Gardiner
2027	Adams
2029	South Salem
2032	Pasco
2033	Redlands
2035	Greenbrae
2036	Myrtle Point
2037	Mount Healthy
2039	Oak Ridge
2040	Port Washington
2042	Abiquiu
2043	Sun Prairie
2044	New York
2045	Bergen Heights
2048	Cos Cob
2051	Goose Rocks Beach
2052	Rensselaerville
2054	Bolinas
2057	Meredith
2059	Stanford
2060	Los Alamos
2062	La Cueva
2063	Raton
2064	Fort Lee
2065	Castine
2067	Dawson
2069	Bridgewater
2070	Kentfield
2072	Livermore
2073	Gig Harbor
2074	Putnam Valley
2075	Staten Island
2078	Pompey
2080	Duxbury
2081	Clinton
2083	Centralia
2084	Walnut Creek
2086	Chelsea
2088	Laurel Bloomery
2089	Wausau
2090	Washburn
2091	Lillian
2092	Fairport
2093	Kilmarnock
2094	Fort Belvoir
2096	Chestertown
2098	Kinston
2099	Angus
2100	South Nyack
2101	Deer Isle
2102	Frederick
2103	Lewes
2105	Beacon
2111	Garnett
2114	Fairport
2116	Island Heights
2117	Damariscotta
2118	White Lake
2119	Annandale-on-Hudson
2121	Carmel Valley
2123	Baldwyn
2126	Epworth
2127	Bryn Mawr
2129	Woodhaven
2130	Le Sueur
2131	Pringle
2132	Warsaw
2133	Great Falls
2134	Waterford
2135	Middle Village
2136	Union City
2137	Fayetteville
2138	Manitowoc
2139	Pawnee
2142	Haddonfield
2143	Chapman
2144	Waukesha
2145	Great Spruce Head
2146	San Luis Obispo
2148	Suffern
2149	Minneapolis
2150	Round Hill
2151	Purcellville
2152	Upperville
2153	Telluride
2154	Valparaiso
2157	Roxborough
2158	Bedford
2159	Ferriday
2161	Mauch Chunk
2162	Stamps
2163	Springville
2164	Long Island City
2166	North Lawrence
2167	Oil City
2168	Juneau
2169	Iron River
2170	Demarest
2173	San Geronimo
2175	Bourne
2176	Fort Campbell
2177	Naperville
2179	Bedford
2180	Salinas
2181	Inglewood
2183	Captiva Island
2184	Port Arthur
2185	Kaneville
2186	Plano
2187	Chester
2188	Corner Ketch
2190	Greens Farms
2191	Wauwausota
2193	Boothbay Harbor
2194	Bridgeville
2195	Center Bridge
2196	Palomar
2198	Los Gatos
2199	Arnolds Park
2200	Logansport
2201	Geneva
2202	Bakersfield
2204	Magnolia
2206	Dunraven
2207	Euclid
2208	Fraser
2210	Kirkwood
2211	Canton
2212	Union Hill
2213	Waseca
2215	Yellow Springs
2216	Grand Island
2220	Alfred
2224	East Hampton
2225	Long Branch
2226	Manheim
2227	New London
2228	Aurora
2229	Readfield
2230	East Chatham
2231	South Milford
2232	Union Bridge
2233	Wakefield
2234	Nottingham
2237	Wolfeboro
2238	Port Chester
2240	Albion
2244	Irasburg
2245	Biloxi
2247	Locust Valley
2248	Waterloo
2249	Sierra Madre
2252	Palisade
2253	Chatham
2259	Masonville
2260	Reagantown
2261	Florence
2262	Riverside
2264	Vineland
2265	Cold Spring
2266	Cedarburg
2268	Nescopeck
2269	Linfield
2270	Pleasant Ridge
2272	Fayetteville
2273	Vinings
2274	Willimantic
2275	Shady
2276	Rome
2277	Monticello
2278	Ardmore
2280	Danbury
2281	Wilton
2282	Rye Brook
2285	Brockton
2288	Hague
2289	Fort Leavenworth
2294	Alexandria
2295	Pacific Grove
2298	Lindsborg
2299	Port Republic
2301	Moline
2303	Randolph
2304	Corry
2305	Saugerties
2306	Green Cove Spring
2307	Covington
2308	Charleston
2310	Lansford
2311	Silver Creek
2312	Coaldale
2313	North Truro
2314	Media
2315	Rock Hill
2318	Framington Center
2319	Crawfordsville
2320	Monroe
2321	Shandaken
2322	Astoria
2323	Little Compton
2324	Xenia
2326	New Brighton
2327	North Haven
2328	Marietta
2329	Riverhead
2330	Atlanta
2331	Sandusky
2332	Danville
2333	Norfolk
2335	Breckenridge
2336	Sebring
2338	Berlin
2341	Merchantville
2343	Larned
2344	Fort Myers
2345	Ellwood City
2347	Johnson
2348	Tullytown
2350	Madisonville
2353	Ardsley
2355	Escondido
2357	Olean
2358	Lake Elsinore
2359	Greenville
2360	California
2361	Bound Brook
2362	Dayton
2363	Milan
2364	Batavia
2365	Hinsdale
2366	Helena
2367	Pottstown
2368	Auburn
2369	Devils Lake
2370	Bloomfield
2371	Bridgeport
2373	Granby
2374	Steelton
2375	Dover Township
2376	Cadmus
2377	Pomona
2378	Gualala
2380	Westbury
2383	Shelter Island
2384	Lost Springs
2387	Woodstown
2388	Londonderry
2390	Rindge
2391	Prairie View
2392	Gary
2398	Mount Airy
2400	River Forest
2401	Sante Fe
2402	Lock Haven
2403	Hallandale
2406	Westchester
2407	Lofton
2408	Franklin
2409	Decatur
2410	Urbana
2411	Chelsea
2413	Corrales
2414	St. Ignatius
2415	Marine City
2416	Logan
2419	Fox Lake
2420	Cape Girardeau
2421	Foxboro
2422	Statesboro
2423	Chattanooga
2424	Uniontown
2426	Brandywine
2427	Mamou
2428	East Liberty
2431	Mishawaka
2432	Rolling Fork
2433	Highland
2434	Dingman's Ferry
2435	Harvard
2438	Wyandanch
2440	Conway
2441	Galva
2442	Harlan
2443	San Antonio
2445	Seven Hills
2447	Worthington
2448	McClean
2449	Sidney
2450	Neodesha
2457	Rawlins
2458	Garysburg
2461	Tiverton
2462	Daysville
2463	Vevay
2464	Madison
2465	Conway
2466	Upper Moreland
2469	Westminster
2470	Grandin
2471	Laramie
2473	Warren
2478	Columbus
2481	Hayward
2482	Enosburg
2483	Watertown
2484	Corvallis
2486	Irving
2488	Kingstown
2489	West Hollywood
2490	Collegeville
2491	Ocean City
2492	Blooming Valley
2494	West Los Angeles
2496	Braddock
2500	Moberly
2501	Columbia
2502	Splendora
2503	Terrell
2505	Clark's Green
2506	Merkel
2507	Pennsbury
2508	Auburn
2509	Aberdeen
2510	Colerain
2511	Independence
2513	Elmwood
2515	Pepeekeo
2516	Arcola
2517	Kapaa
2520	West Groton
2521	New Castle
2522	Rockford
2523	Grass Valley
2524	Waimanalo
2526	Forest Hills
2527	Yarmouth
2528	Scarborough
2529	Monadnock
2530	Cornwall-on-Hudson
2531	Keene
2532	South Woodstock
2534	Mesa
2535	Atlantic Highlands
2536	Mount Pleasant
2537	San Augustine
2538	La Crescenta
2540	Hollis
2544	Griffin
2545	Oxford
2547	Iselin
2548	Seattle
2550	Centerville
2552	Laguna
2553	Jemez Pueblo
2554	Sherman Oaks
2555	Pike Road
2556	Salisbury
2557	Brookfield
2558	Lee City
2559	Campton
2560	Burke
2562	Hartland
2564	Clewiston
2565	West Lafayette
2566	Rock Springs
2567	Ruidoso
2568	Ozark
2569	Benton
2570	Gatlinburg
2571	Gleason
2573	Cobham
2575	Lebanon
2576	South Dartmouth
2577	Saddle Mountain
2580	Rough Rock
2581	Wynnewood
2582	Leonard
2584	Bridgeport
2585	Gunnison
2586	Pueblo
2588	Westport
2590	Delaware
2591	Morris
2592	Streator
2593	Muncie
2594	Buck Hill Falls
2595	Pinehurst
2598	Monarch
2601	South Haven
2602	Warren
2603	Peterborough
2605	Saratoga Springs
2606	Wauwatosa
2607	Onalaska
2611	Durham
2612	Johnstown
2613	Locust Point
2615	Boise
2616	Lansdowne
2617	Cohasset
2620	Hopewell
2621	Holland
2622	West Burke
2624	Greenville
2626	Poultney
2629	Lanesboro
2638	Tesuque Pueblo
2641	Fryeburg
2642	Chautauqua
2645	Cedar Lake
2648	Ridgewood
2650	Loudon
2656	Fort Madison
2658	Virginia City
2659	Nebo
2661	Carversville
2662	East Haddam
2663	Westmoreland
2664	Vinton
2665	Bellows Falls
2666	Suffield
2667	Mount Desert Island
2668	Coventry
2669	Gloster
2670	Skylight
2671	Imola
2673	Monterey
2674	Bordentown
2675	Cayuga Lake
2676	Lubbock
2677	Lynchburg
2681	Everett
2682	West Bend
2684	Wilbraham
2685	La Porte
2686	Southbridge
2687	Lisbon
2689	Greenport
2690	Macon
2691	Springfield
2692	St. Andrew's Parish
2693	Mayville
2694	Centerville
2695	Merion
2697	Waterloo
2698	Sutton
2699	Oskaloosa
2700	Cedar Creek
2702	Punxsutawney
2703	Hampton Falls
2704	Winthrop
2705	Stryker
2706	Cornwall
2707	Cornwall Landing
2710	Turners
2711	Whitman
2712	Evansville
2713	Pittsford
2714	Guerneville
2716	Tillamook
2717	Woodacre
2718	Bedford
2719	Corpus Christi
2720	Garwin
2721	Covington
2722	Lewistown
2723	Macungie
2724	Blanco Canyon
2725	Nageezi
2727	Camillus
2728	Cazenovia
2729	Marquette
2730	Dixfield
2731	Mount St. Helena
2733	Miami
2734	Springdale
2736	Mayfield
2737	Seymour
2740	Frankfort
2741	Parker
2743	Bellaire
2744	El Cerrito
2745	Jackson
2747	Manistee
2748	Austin
2749	Salem
2752	Rutland
2753	Anamosa
2754	Clarkstown
2755	Lynn
2756	Seekonk
2757	Genesee
2759	Saratoga
2760	Wahpeton
2761	Fox Chase
2762	Arkville
2763	Keene Valley
2764	Evans Creek
2766	Port Clyde
2767	Chadds Ford
2770	Bryan
2771	Shawnee
2772	Wide Ruins
2773	Avon
2774	Window Rock
2775	Petaluma
2777	Weehawken
2779	Denton
2782	Ste. Genevieve
2785	Amsterdam
2786	Georgetown Island
2787	Santa Rosa
2789	Mount Carmel
2790	Camargo
2791	Corona
2794	Arden
2795	Buckhead
2796	Valdese
2797	Mossy Creek
2799	Sulphur Lick Springs
2801	Takoma Park
2803	Brisbane
2804	Elkridge
2806	Sea Cliff
2807	Corsicana
2808	West Islip
2811	Rehoboth
2812	Georgetown
2813	Cambridgeport
2815	Greensboro
2816	Natosha
2818	Timberville
2819	Garden Grove
2820	Fremont
2821	Greenfield
2822	Newton Center
2825	Berwick
2826	Mincy
2827	Jamestown
2828	Sayre
2829	Livingston
2830	Yermo
2831	Hilliard
2833	Fort Morgan
2834	Hill
2836	Knightdale
2837	Appleton City
2839	Eagle Bridge
2840	Greenwich
2841	Champaign
2842	Evergreen Park
2843	Monahans
2844	Riverdale
2845	Wellsville
2848	Lac du Flambeau
2849	Fayette
2850	Caines Ridge
2851	Pinpoint
2852	Morgan
2853	Tallapoosa
2854	Isonville
2855	Deniston
2856	West Liberty
2859	Dodd's City
2860	Summerfield
2862	Del Rio
2863	Wilton
2864	Christiansburg
2865	Jackson
2867	San Cristobal
2869	Shelbyville
2870	Concord
2871	Holyoke
2872	St. Charles
2873	East Los Angeles
2874	Dinuba
2875	Yuma
2876	Fraser
2879	Dover
2880	Endicott
2881	Cottonwood
2882	Camden
2886	Middletown
2888	San Pablo
2889	Miami Beach
2890	Estherville
2893	Kansas City
2895	Morrisville
2896	Leesburg
2897	Bessemer
2898	Emelle
2899	Visalia
2902	Washingtonville
2903	Tiburon
2905	Marriotsville
2906	Attica
2907	Attleboro
2908	Alta Loma
2909	Chino
2910	Brecksville
2911	Huntingdon
2912	Fort Atkinson
2913	Warwick
2914	Allendale
2915	Salem
2916	Zuni
2917	Dyersburg
2918	Fairfax
2919	Bedford Village
2920	Montrose
2921	Elkhart
2922	Brandon
2924	Gilroy
2925	National City
2927	West Boyleston
2928	Gouverneur
2929	Oden
2930	Cadillac
2931	New Baltimore
2932	Indian River
2933	Cheboygan
2934	Bordentown City
2937	Pine Bluff
2938	Canton
2942	Madrid
2943	Pittsburg
2944	Taylorville
2945	Pipe Creek
2946	Horsham
2947	Brenham
2948	Campground Church
2949	Chappell Hill
2950	Milton
2952	Saline
2954	St. Peter
2955	Champaign-Urbana
2956	Rantoul
2957	Eustis
2958	New Paltz
2960	Columbia
2961	Fulton
2962	Cameron Orchard
2963	Eureka
2964	West Point
2965	Alcoa
2966	Dallas
2968	Bushnell
2969	Rosendale
2970	Lodi
2971	Paris
2972	Rochester
2973	Junction City
2975	Parkersburg
2976	Salisbury
2977	Somerset
2978	Glenwood Springs
2980	Sanger
2982	Chinle
2983	Fort Des Moines
2984	Lewisburg
2985	Blairstown
2986	Clairton
2987	Fairmont City
2988	Grand Rapids
2989	Milton
2990	South Raub
2991	Grafton
2993	Rock Island
2994	Lake George
2995	Eagle Rock
2996	West Chester
2998	Amherst
2999	Yosemite
3001	Coxsackie
3002	Globe
3003	Anson
3005	Galena
3006	Lisbon
3008	Oxford
3009	Westminster
3010	Ottawa
3011	Hilton Head
3012	Goffstown
3013	Franklin
3014	Burlington
3015	Longbranch
3016	Ocean Grove
3018	Mankato
3019	Winterhaven
3020	Brownsville
3021	Sedona
3022	Galesburg
3023	Apache
3024	Morrisania
3025	Tranquility
3027	Manchester
3029	Wilton
3030	La Salle
3031	West Carlisle
3033	Findlay
3034	Bumble Bee
3035	Kingsville
3036	Owatonna
3038	Westport
3041	Cranston
3042	Hornell
3043	Two Rivers
3044	Dodgeville
3045	Artesia
3046	Laredo
3048	Richmond
3049	Sarasota Springs
3050	Lakeside
3053	Beaumont
3054	Manhattan Beach
3055	Rockville Centre
3057	Kutztown
3058	Guthrie
3059	Reno
3060	Dummerston
3061	North Conway
3062	Cornish
3063	Dickson
3064	Alexandria
3065	Witchita Falls
3066	Enosburg Falls
3069	Hancock
3071	Glen Ellyn
3072	Lerna
3073	Sewanee
3075	Willamsburg
3076	Williamsburg
3078	Michigan City
3079	Hemet
3082	Oxford
3083	Phillips
3085	Mound
3086	Tarentum
3088	Sioux Falls
3089	Marlboro
3090	Woonsocket
3091	Kingsburg
3092	Mahanoy City
3093	Silver Creek
3094	Buckhannon
3095	Hanover
3100	Centerville
3101	West Fairlee
3102	East Sudbury
3103	Crawford Notch
3104	Compton
3105	Quakertown
3106	Cross River
3107	Charleston
3108	Clarendon Hills
3109	Tracy
3111	Bethpage
3112	Upper Grandview
3114	Owosso
3117	Woburn
3118	Rush City
3119	Port Hueneme
3120	San Angelo
3122	Ada
3123	Battiest
3124	Nahant
3125	Perrysburg
3127	Grant's Pass
3129	Teuton
3130	Plattsmouth
3131	Ayrshire
3132	Hapeville
3134	Albion
3135	Claysville
3136	Thomas
3137	St. Helena Island
3138	Maitland
3139	Mudtown
3140	Plato Center
3141	Shamrock
3142	Baldwin
3143	Latania
3144	Hazelhurst
3145	Brookhaven
3147	Salyersville
3148	Galisteo
3149	Westfield
3150	Stuart
3151	Gallegos Wash
3152	Fruitland
3153	Burnham
3154	Shiprock
3155	Sweetwater
3156	Sweetwater
3157	Nageezi
3159	Aztec
3160	Wasamasaw
3161	Monero
3162	Verlarde
3163	Oxford
3164	Glen Alta
3165	Buena Vista
3166	Moultrie
3167	Wilcox County
3168	Lafitte
3169	Orina
3170	Algiers
3171	Leland
3172	Eden
3173	Greenville
3174	Dixon
3175	Apodaca
3178	Fayette
3179	Clinton
3180	Fort Defiance
3181	Bartlett
3182	Raymond
3183	Eagle Shute
3184	Crystal Springs
3185	Rockdale
3186	Sandersville
3187	North Montgomery
3188	Terry
3189	Egypt Hill
3190	Glade Spring
3191	Saltville
3192	Cow Springs
3193	Hickory
3194	Lula
3195	Tuba City
3196	Morenci
3197	Shonto/Cow Springs
3198	Polacca
3199	Polacca
3200	Pine Springs
3201	Tuba City
3202	Cortez
3203	Cow Springs
3204	Tall Mountain
3205	Gallegos Canyon
3206	Beryl
3209	Sausalito
3210	Roswell
3211	Buffalo
3212	Stamford
3213	Berwyn
3214	Alexander
3215	North Easton
3216	Colton
3217	Ashland
3218	Manchester
3219	Richfield
3220	Sonoma
3221	Sparta
3222	Palos Verdes
3223	Hogansburg
3225	Fort Scott
3226	Strawberry Point
3228	Point Barrow
3229	Brunswick
3230	Wellesley
3231	Plymouth
3232	Hillsdale
3234	El Cajon
3235	Marshfield
3236	Melrose
3238	St. Clair
3239	Lancaster
3240	Somerville
3241	La Grange
3242	Gilman
3243	Espa–ola
3244	Lebanon
3245	Santa Clara
3246	Tuscumbia
3248	La Grande
3249	Meriden
3250	Cross Canyon
3251	Sweetwater
3254	Indian Orchard
3284	Bricelyn
3285	North Nodaway
3286	Villisca
3287	Hillsboro
3288	Maysville
3289	Decatur
3291	Erin
3292	Cattaraugus
3295	El Rito
3296	Milford
3297	West Brookfield
3298	Georgetown
3299	Ebenezer
3300	Troy
3302	Whitesburg
3304	Hart
3305	Laurel
3306	Santa Fe
3307	Leupp
3308	Valley Forge
3309	Nageezi
3310	Wiscasset
3311	Morven
3314	Baton Rouge
3315	Point Reyes
3316	Waianae
3317	Sioux City
3319	Pickens
3320	Tucumcari
3321	Dwight
3322	Nederland
3323	Stillwater
3324	Southampton
3325	Olympia
3326	Hoxie
3327	Belmond
3328	Northport
3329	Shreveport
3330	Rohrersville
3331	Springfield
3332	Endwell
3333	Ellicottville
3334	Hale
3335	Yardley
3336	Boyertown
3337	Hacker Valley
3338	Freeport
3339	Bay Village
3340	Beaver Dam
3341	Casar
3344	Windsor
3347	Ottumwa
3348	New Bremen
3349	Belmont
3350	Unadilla
3351	Capac
3352	Leona
3353	West Boothbay Harbor
3354	Springville
3355	Great Bend
3361	Cleveland
3362	Olcott
3364	Mt. Desert Island
3365	Pelican Rapids
3367	Bedford
3369	Independence
3370	Blacksburg
3373	Anadarko
3374	Bar Harbor
3375	Delhi
3376	Washington Boro
3377	Willmar
3378	Garfield Heights
3379	Belchertown
3380	South Brunswick
3381	Fort Leonard Wood
3384	Hawthorne
3387	Buford
3388	Fort Lauderdale
3389	Bartlett
3390	Williamson
3391	McLean
3392	Asbury Park
3393	Theodore
3394	Beaumont
3395	Accokeek
3397	Saint Petersburg
3398	Georgetown
3399	Green Valley
3400	Delafield
3401	Scotch Plains
3402	Round Pond
3403	Quincy
3405	Rockport
3406	Gowanda
3409	Clarksburg
3410	Fontana
3413	Quincy
3414	Tonasket
3415	Walland
3416	Thomasville
3417	Towanda
3419	Middletown
3420	Kingsport
3421	Valhalla
3422	Brewster
3425	Tryon
3426	Janesville
3427	Grainville
3429	Loleta
3430	Lincoln
3432	Amagansett
3433	Taylorsville
3434	Kailua
3435	San Marino
3436	Winter Harbor
3437	Kirkland
3438	Manasquan
3439	Ft. Lauderdale
3440	Warrenville
3441	Grover Beach
3442	Hoyt
3443	Hamilton
3445	McKean
3447	Beechurst
3448	Carterville
3449	East Wallingford
3453	Chamberlain
3454	Wisconsin Rapids
3455	Loma Linda
3456	Medanales
3457	Hartford
3458	Plymouth
3462	Haines
3463	Grantsville
3464	Arthur
3465	Arden
3466	Lompoc
3467	Aspers
3468	Bowling Green
3469	Berea
3470	Saluda
3471	Mertzon
3472	Florham Park
3474	Anderson
3475	Hamburg
3476	Winter Park
3477	Mount Pleasant
3478	Fredericksburg
3484	Maywood
3486	Sykesville
3487	Milford
3488	Eufaula
3489	Oroville
3490	Loudonville
3491	Renton
3492	Accord
3493	Mt. Adams
3494	Coralville
3495	Captiva
3496	Holly
3497	Marion
3498	Baltimore
3499	Pigeon Forge
3500	West Long Branch
3501	Georgetown
3503	South Braintree
3504	High Point
3505	Glen Head
3506	Vale
3507	Ardsley
3509	Bigfork
3511	Radford
3513	Gallup
3514	Anniston
3515	Mooresville
3516	Antigo
3517	Woodbridge
3518	Muskegon
3519	Port Washington
3520	Washington
3521	Northport
3522	Norton
3523	Avon-by-the-Sea
3524	Baraboo
3525	Grosse Pointe
3526	Bay St. Louis
3528	Bremerton
3529	St. Joseph
3530	Carmi
3531	Ft. Still
3532	Rockland
3533	Thomaston
3534	Talbotton
3535	Plainfield
3536	Deltaville
3537	Hampden
3539	St. Croix Falls
3542	Fincastle
3543	Thibodaux
3544	Pahoa
3545	Worcester
3546	Algoma
3548	Sulligent
3549	Burgettstown
3550	Shamokin
3551	Princetown
3552	Archbold
3553	Talking Rock
3555	Worthington
3558	Broseley
3559	Chula Vista
3561	Frostburg
3562	North Chatham
3564	Logan
3565	Marlboro
3566	Taylors Falls
3567	Edinboro
3568	Towson
3569	Tullahoma
3570	Otis
3571	Capistrano Beach
3572	Fredricksburg
3573	Mendocino
3574	Charlotte
3579	Modesto
3580	Belgrade
3581	Neptune
3582	Hobe Sound
3583	Shelburne Falls
3584	Cookeville
3585	Binghamton
3586	Cottage Grove
3587	Cedervile
3588	Hermann
3589	Beach Grove
3590	Forestville
3592	Melbourne
3593	Norwood
3595	Waynesville
3597	New Milford
3599	Hat Creek
3600	Sawyer
3601	Nevada City
3602	Auburn
3603	Middleboro
3606	Manhattan
3607	Huntington Beach
3608	Red Bluff
3609	West Salem
3610	Shonto
3611	Pleasant Hill
3614	Pleasanton
3617	Booklyn
3618	Baltic
3619	Sandwich
3621	Old Greenwich
3626	Shaftsbury
3627	Corning
3628	Charlotteville
3629	Santa Maria
3630	Tisbury
3631	Mason City
3632	Glenview
3633	Oceanside
3634	Springville
3635	Harrisonburg
3636	Union
3638	Chino Valley
3639	Newton
3640	Kenai
3641	Bass River
3642	Oakdale
3644	Peninsula
3645	Clearfield
3646	Gold Beach
3647	Pacifica
3648	Concord
3649	Silverton
3650	Lynwood
3651	Manchester Center
3652	Plainfield
3653	Tohatchi
3654	Clarksdale
3655	Crisfield
3656	Rohnert Park
3658	Northridge
3659	Blackjack
3660	Manchaca
3661	Warsaw
3663	Arlington
3664	Lusby
3666	Mendham
3667	Easthampton
3668	New York
3669	Huntington
3671	Saranac Lake
3673	Shenandoah
3678	Cowgill
3679	Andover
3680	Beavercreek
3681	Martinsburg
3682	Rand
3685	Burbank
3686	North Hollywood
3687	Stevens
3688	Sugar Grove
3689	Malone
3690	Potsdam
3691	Ferndale
3692	Orangeburg
3693	Pittsboro
3694	Verona
3696	Centreville
3697	Canutillo
3698	Tuckahoe
3699	Campton
3701	Fort Pierce
3702	Massapequa
3706	Newbury
3709	St. Cloud
3710	Hillsborough
3711	Prospect Hill
3713	Estline
3714	Wilwaukee
3715	Owensboro
3717	Shaker Heights
3718	Canaan
3719	Naples
3720	Swoyerville
3721	Astoria
3722	Kihei
3723	Syracuse
3724	Stanford
3725	Rockville
3726	Old Westbury
3727	West Islip
3728	Olney
3729	Shenandoah
3732	Woody Creek
3733	Brasstown
3734	Malvern
3736	Danville
3737	Elyria
3738	Little Rose
3739	Fabius
3740	River Falls
3741	Eatonton
3744	Cairo
3745	Toms River
3747	Mamaroneck
3748	Geneseo
3749	Oradell
3750	Kaylor
3751	Albia
3752	Norton
3757	Saddle River
3775	Juno Beach
3786	Paris
3789	Flushing
3790	Tioga
3802	Odessa
3803	Roselle
3804	Thompson
3806	Kenosha
3825	Lorton
3831	Berea
3832	Walterboro
3839	New York
3841	Inverness
3849	Sturgis
3854	Davenport
3855	Kewanna
3869	Onset
3870	Uhlerstown
3878	Milledgeville
3879	Lausford
3880	Norristown
3884	Redmond
3887	Jackson
3894	Chimacum
3895	Thorndike
3896	Ridge Crest
3897	Boulder Creek
3899	Tuscon
3900	Berwyn
3902	Ulster Park
3905	NY
3906	Pompano Beach
3907	Woodstock
3909	Redmond
3910	Pomona
3912	Plainview
3913	Palos Verdes Estates
3914	Hinkley
3915	Abington
3917	Mt. Lebanon
3918	Belding
3919	Hastings on Hudson
3921	Norristown
3922	Capitola
3923	Sandy Spring
3924	Cleveland
3925	Fairborn
3926	Bluffton
3927	Penfield
3928	Alexandria
3929	New York City
3930	Glennie
3932	Fort Gibson
3933	Dare
3934	Yarmouth
3935	Maple Park
3936	Block Island
3937	Valley Lee
3938	Plainfield
3946	Hubbard Lake
3948	Hagerstown
3949	River Edge
3951	Topsham
3952	Rockville
3953	Zephyrhills
3954	Saluda
3957	New Haven
3958	Templeton
3959	Yuba City
3960	Newbury
3961	Boone
3968	Dresher
3970	Augusta
3971	Wailuku
3972	Prentiss
3973	New London
3974	New York City
3976	Lake Oswego
3977	Cooksville
3996	Hazelwood
4000	Pemberton
4001	Toledo
4002	Astoria
4004	Jeannette
4006	Three Rivers
4020	Donovan
4021	Portsmith
4030	La Conner
4031	Hackettstown
4032	Denville
4033	Colchester
4035	Leon
4036	Woodstock
4037	Belle Plaine
4038	Farmington
4040	Nacogdoches
4041	Islamorada
4045	Confluence
4046	Lakewood
4047	Placitas
4048	Lanark
4049	Danbury
4051	Hatch
4052	Bay Shore
4053	Plainfield
4054	Lindsey
4055	Rock Tavern
4056	Plano
4057	Lindstrom
4058	Rabbit Hash
4059	Millersburg
4061	Huntington
4063	Park Ridge
4064	Barberton
4065	Wenatchee
4066	West Orange
4067	Long Branch
4068	Vinton
4069	Middleton
4070	Vancouver
4071	Ridgefield
4072	Lebanon
4073	Philadellphia
4074	Warsaw
4075	Bovey
4076	Ridley Park
4077	Proctor
4078	Poulsbo
4081	Chester
4082	Haymarket
4083	Manassas
4084	Martha's Vineyard
4087	San Saba
4089	Levittown
4090	Waterloo
4092	Fort Covington
4093	Centerbrook
4094	Jaffrey
4096	Bushkill
4097	Philmont
4099	Portage
4100	Union City
4101	Del Mar
4102	Topanga
4103	East Patchogue
4104	Pasedena
4105	Gallipolis
4106	Hoosick
4108	Las Vegas
4109	Elmira
4110	Barrington
4111	Port Jefferson
4112	Solana Beach
4113	Ventnor
4121	Whitefish Bay
4122	Houlton
4127	Rifton
4131	Glade Springs
4137	Las Cruces
4138	Pandora
4139	Stockdale
4140	Branford
4142	Penn Valley
4143	Lebanon
4145	Port Richey
4146	Venice
4159	Cleveland
4160	Green Bay
4163	Long Island
4164	Everett
4167	Union City
4168	Clinton
4169	Sterling
4170	Palm Desert
4171	Merrill
4172	Ocala
4173	Logan
4175	Nassau
4177	Olathe
4184	Montgomery
4185	Buda
4186	Palmyra
4187	Mineola
4189	Lakeland
4190	Port Townsend
4191	Cheltenham
4192	Bluefield
4195	Cassopolis
4196	Warren
4197	New Creek
4198	Electric City
4199	Easthampton
4201	Timonium
4203	Lake City
4204	Ludlow
4205	Falls City
4206	Elmwood Park
4207	Canton
4208	Hood River
4209	Hempstead
4210	Union Township
4211	Kauai
4218	Richmond Heights
4219	Rosemont
4220	Arcadia
4224	Benbrook
4226	Snowmass Village
4227	Jackson
4230	Coram
4233	Rancho Cucamonga
4237	Redding
4238	Milbrae
4239	South Dennis
4240	Silver Springs
4242	Bethel
4246	Vershire
4247	Georgetown
4252	Englewood
4253	Lesterville
4255	Fitchburg
4257	Fort Cumberland
4264	Chestertown
4265	New York City
4267	McClellanville
4270	Naples
4273	Portland
4275	Valdosta
4276	Henderson
4277	Northfield
4283	Raymond
4293	West Goldsboro
4294	Delavan
4303	South Hadley
4308	Hector
4318	Penn Yan
4319	Mount Desert
4323	Sheboygan Falls
4324	Vineyard Haven
4329	Bainbridge Island
4331	Moorestown
4332	Westhampton
4334	Beverly Shores
4335	Parkville
4336	Norton
4337	New Park
4338	Ida Grove
4339	Charleroi
4345	Shoreline
4346	Highland Park
4347	Galveston
4354	Swamscott
4355	Brewer
4357	Ripon
4358	Hoquiam
4359	Dunedin
4360	Virginia City
4363	Ft. Worth
4364	Carrollton
4365	Greenbush
4366	Oak Park Heights
4369	Wakeeny
4371	Wooster
4372	North Wilkesboro
4373	Sheridan
4374	Hagerman
4377	Medford
4378	Williamsburg
4379	Nunda
4382	Tustin
4383	Hyattsville
4384	Burlingame
4389	Ridgefield
4391	Brandywine
4392	Dothan
4393	Hotevilla
4394	Wayne
4400	Bradenton
4401	Kea'au
4405	Rancho Bernardo
4407	Yarmouth Port
4408	Alpine
4410	Seneca
4412	Winsted
4413	Cub Run
4414	Woodbury
4415	Revere
4417	Berkley
4418	Ashley Falls
4419	Monticello
4420	Saint Augustine
4422	Park City
4424	Havertown
4425	Tewksbury
4426	Woodland
4427	Sanbornton
4428	South New Berlin
4429	Jamestown
4430	Scottsville
4431	Loysville
4432	Trumansburg
4433	Derby
4434	Copper Hill
4435	Mount Vernon
4436	Free Union
4437	Cecilia
4438	Indian Springs
4439	West Amana
4440	Beverly
4441	Chloe
4445	Salisbury
4446	Saxtons River
4448	St. John
4449	Huntsville
4450	Murfreesboro
4451	Sylvia
4452	Bethlehem
4453	Temple
4454	Encinitas
4455	Mountain View
4456	Lancaster
4457	Marysville
4458	Austell
4459	Lithonia
4460	Newport
4463	Issaquah
4465	High Falls
4466	Provo
4467	Manlius
4469	Rome
4470	Crockett
4471	Pittsfield
4474	District of Columbia
4475	Bloomington
4476	Payette
4477	Maxton
4479	Fort Bragg
4480	Beach Haven
4481	Laguna Woods
4482	Hacienda Heights
4483	Arroyo Seco
4484	Red Bank
4485	Franklin
4486	Garden Valley
4487	Greenfield
4488	Cedar Bluff
4493	Patterson
4494	Margaretville
4501	Oceanport
4502	Easton
4509	White River Junction
4512	Lebanon
4513	Burlington
4514	Bangor
4516	Dunseith
4517	Marengo
4518	New Kensington
4521	Mt. Airy
4522	Sevierville
4523	Sylva
4524	Newport
4525	Dale City
4526	Hughsville
4527	Danielson
4528	Melrose
4530	Greensburg
4532	Pennsylvania
4533	Opelousas
4534	Washington, DC
